<?xml version="1.0" encoding="UTF-8"?>
<beans xmlns="http://www.springframework.org/schema/beans"
    xmlns:xsi="http://www.w3.org/2001/XMLSchema-instance"
    xmlns:p="http://www.springframework.org/schema/p"
    xmlns:context="http://www.springframework.org/schema/context"
    xsi:schemaLocation="http://www.springframework.org/schema/beans
				http://www.springframework.org/schema/beans/spring-beans-3.0.xsd
				http://www.springframework.org/schema/context
				http://www.springframework.org/schema/context/spring-context-3.0.xsd">

    <!-- freemarker config -->
	<bean id="freemarkerConfig" class="org.springframework.web.servlet.view.freemarker.FreeMarkerConfigurer">
	  <property name="templateLoaderPath" value="/WEB-INF/ftl/"/>
	</bean>
	
	<!-- 
	  View resolvers can also be configured with ResourceBundles or XML files. If you need
	  different view resolving based on Locale, you have to use the resource bundle resolver.
	-->
	<bean id="viewResolver" class="org.springframework.web.servlet.view.freemarker.FreeMarkerViewResolver">
	  <property name="cache" value="true"/>
	  <property name="prefix" value=""/>
	  <property name="suffix" value=".ftl"/>
	</bean>

	<context:component-scan
        base-package="net.viralpatel" />
         
</beans>